{
    "rtk5100": [
        [
            50,
            "26.14569476"
        ],
        [
            100,
            "37.36763257"
        ],
        [
            150,
            "45.20991000"
        ],
        [
            200,
            "51.42476574"
        ],
        [
            250,
            "56.44424092"
        ],
        [
            300,
            "60.68495066"
        ],
        [
            350,
            "64.40424862"
        ],
        [
            400,
            "67.67884988"
        ],
        [
            450,
            "70.55707923"
        ],
        [
            500,
            "73.07580170"
        ],
        [
            600,
            "77.43450249"
        ],
        [
            700,
            "81.07266997"
        ],
        [
            800,
            "84.04226367"
        ],
        [
            900,
            "86.53445417"
        ],
        [
            1000,
            "88.63704519"
        ],
        [
            1250,
            "92.53145357"
        ],
        [
            1500,
            "95.13959235"
        ],
        [
            1750,
            "96.84846661"
        ],
        [
            2000,
            "97.95309964"
        ]
    ],
    "netflix": [
        [
            50,
            "28.74755266"
        ],
        [
            100,
            "40.96972160"
        ],
        [
            150,
            "49.61737355"
        ],
        [
            200,
            "56.27633646"
        ],
        [
            250,
            "61.76095543"
        ],
        [
            300,
            "66.17368866"
        ],
        [
            350,
            "69.91901264"
        ],
        [
            400,
            "73.14658187"
        ],
        [
            450,
            "75.97657107"
        ],
        [
            500,
            "78.37405369"
        ],
        [
            600,
            "82.48024822"
        ],
        [
            700,
            "85.82795828"
        ],
        [
            800,
            "88.52431689"
        ],
        [
            900,
            "90.71654985"
        ],
        [
            1000,
            "92.55285630"
        ],
        [
            1250,
            "95.85679663"
        ],
        [
            1500,
            "97.71618349"
        ],
        [
            1750,
            "98.79359692"
        ],
        [
            2000,
            "99.37315983"
        ]
    ],
    "subtitles": [
        [
            50,
            "29.82936893"
        ],
        [
            100,
            "41.83262968"
        ],
        [
            150,
            "50.30840744"
        ],
        [
            200,
            "56.75345134"
        ],
        [
            250,
            "61.97417611"
        ],
        [
            300,
            "66.30609470"
        ],
        [
            350,
            "69.92277908"
        ],
        [
            400,
            "73.04453941"
        ],
        [
            450,
            "75.77939812"
        ],
        [
            500,
            "78.21693194"
        ],
        [
            600,
            "82.34858495"
        ],
        [
            700,
            "85.59993807"
        ],
        [
            800,
            "88.20223046"
        ],
        [
            900,
            "90.34524718"
        ],
        [
            1000,
            "92.11490408"
        ],
        [
            1250,
            "95.32698208"
        ],
        [
            1500,
            "97.29019215"
        ],
        [
            1750,
            "98.47795136"
        ],
        [
            2000,
            "99.14458524"
        ]
    ],
    "aozora": [
        [
            50,
            26.205162349793188
        ],
        [
            100,
            36.961651538041124
        ],
        [
            150,
            44.73901590817458
        ],
        [
            200,
            50.68647430704756
        ],
        [
            250,
            55.606153255863944
        ],
        [
            300,
            59.62984094362107
        ],
        [
            350,
            63.06365190043321
        ],
        [
            400,
            66.05985067711954
        ],
        [
            450,
            68.73800217783305
        ],
        [
            500,
            71.14840209309595
        ],
        [
            600,
            75.32564627152794
        ],
        [
            700,
            78.82397163136048
        ],
        [
            800,
            81.75902743711549
        ],
        [
            900,
            84.20075984351246
        ],
        [
            1000,
            86.26602156589776
        ],
        [
            1250,
            90.2631374723999
        ],
        [
            1500,
            93.06341710953706
        ],
        [
            1750,
            95.03944354321644
        ],
        [
            2000,
            96.41463387943551
        ]
    ],
    "news": [
        [
            50,
            32.525680358384264
        ],
        [
            100,
            45.07217162648086
        ],
        [
            150,
            54.06864021372786
        ],
        [
            200,
            61.07787270630403
        ],
        [
            250,
            66.91297979838649
        ],
        [
            300,
            71.39036739397486
        ],
        [
            350,
            75.14062574093012
        ],
        [
            400,
            78.293576980235
        ],
        [
            450,
            81.00078465897754
        ],
        [
            500,
            83.33355701035087
        ],
        [
            600,
            87.0846205945693
        ],
        [
            700,
            89.99197446861051
        ],
        [
            800,
            92.30551059647503
        ],
        [
            900,
            94.06271724630328
        ],
        [
            1000,
            95.43296265577986
        ],
        [
            1250,
            97.6729537802758
        ],
        [
            1500,
            98.85307372483969
        ],
        [
            1750,
            99.4687223479287
        ],
        [
            2000,
            99.76361812785916
        ]
    ],
    "wikipedia": [
        [
            50,
            25.91548653076038
        ],
        [
            100,
            38.00090484126501
        ],
        [
            150,
            46.96263937094224
        ],
        [
            200,
            53.65438891604695
        ],
        [
            250,
            59.248364559867774
        ],
        [
            300,
            63.98784884081821
        ],
        [
            350,
            68.01007888415525
        ],
        [
            400,
            71.32112709920332
        ],
        [
            450,
            74.25354094733869
        ],
        [
            500,
            76.8825805307967
        ],
        [
            600,
            81.38429314077943
        ],
        [
            700,
            84.93439968281147
        ],
        [
            800,
            87.78618421146932
        ],
        [
            900,
            90.0406079093865
        ],
        [
            1000,
            91.85875572538741
        ],
        [
            1250,
            94.97783924722091
        ],
        [
            1500,
            96.89216586517104
        ],
        [
            1750,
            98.04757116358678
        ],
        [
            2000,
            98.74599266936588
        ]
    ],