{
    "rtk5100": [
        [
            50,
            "26.14569476"
        ],
        [
            100,
            "37.36763257"
        ],
        [
            150,
            "45.20991000"
        ],
        [
            200,
            "51.42476574"
        ],
        [
            250,
            "56.44424092"
        ],
        [
            300,
            "60.68495066"
        ],
        [
            350,
            "64.40424862"
        ],
        [
            400,
            "67.67884988"
        ],
        [
            450,
            "70.55707923"
        ],
        [
            500,
            "73.07580170"
        ],
        [
            550,
            "75.35777700"
        ],
        [
            600,
            "77.43450249"
        ],
        [
            650,
            "79.34724911"
        ],
        [
            700,
            "81.07266997"
        ],
        [
            750,
            "82.62033251"
        ],
        [
            800,
            "84.04226367"
        ],
        [
            850,
            "85.34209932"
        ],
        [
            900,
            "86.53445417"
        ],
        [
            950,
            "87.62865552"
        ],
        [
            1000,
            "88.63704519"
        ],
        [
            1250,
            "92.53145357"
        ],
        [
            1500,
            "95.13959235"
        ],
        [
            1750,
            "96.84846661"
        ],
        [
            2000,
            "97.95309964"
        ]
    ],
    "netflix": [
        [
            50,
            "28.74755266"
        ],
        [
            100,
            "40.96972160"
        ],
        [
            150,
            "49.61737355"
        ],
        [
            200,
            "56.27633646"
        ],
        [
            250,
            "61.76095543"
        ],
        [
            300,
            "66.17368866"
        ],
        [
            350,
            "69.91901264"
        ],
        [
            400,
            "73.14658187"
        ],
        [
            450,
            "75.97657107"
        ],
        [
            500,
            "78.37405369"
        ],
        [
            550,
            "80.53195129"
        ],
        [
            600,
            "82.48024822"
        ],
        [
            650,
            "84.23682856"
        ],
        [
            700,
            "85.82795828"
        ],
        [
            750,
            "87.25417772"
        ],
        [
            800,
            "88.52431689"
        ],
        [
            850,
            "89.67330045"
        ],
        [
            900,
            "90.71654985"
        ],
        [
            950,
            "91.67269847"
        ],
        [
            1000,
            "92.55285630"
        ],
        [
            1250,
            "95.85679663"
        ],
        [
            1500,
            "97.71618349"
        ],
        [
            1750,
            "98.79359692"
        ],
        [
            2000,
            "99.37315983"
        ]
    ],
    "subtitles": [
        [
            50,
            "29.82936893"
        ],
        [
            100,
            "41.83262968"
        ],
        [
            150,
            "50.30840744"
        ],
        [
            200,
            "56.75345134"
        ],
        [
            250,
            "61.97417611"
        ],
        [
            300,
            "66.30609470"
        ],
        [
            350,
            "69.92277908"
        ],
        [
            400,
            "73.04453941"
        ],
        [
            450,
            "75.77939812"
        ],
        [
            500,
            "78.21693194"
        ],
        [
            550,
            "80.39260887"
        ],
        [
            600,
            "82.34858495"
        ],
        [
            650,
            "84.06543468"
        ],
        [
            700,
            "85.59993807"
        ],
        [
            750,
            "86.97381173"
        ],
        [
            800,
            "88.20223046"
        ],
        [
            850,
            "89.32355295"
        ],
        [
            900,
            "90.34524718"
        ],
        [
            950,
            "91.26906314"
        ],
        [
            1000,
            "92.11490408"
        ],
        [
            1250,
            "95.32698208"
        ],
        [
            1500,
            "97.29019215"
        ],
        [
            1750,
            "98.47795136"
        ],
        [
            2000,
            "99.14458524"
        ]
    ],
    "aozora": [
        [
            50,
            26.205162349793188
        ],
        [
            100,
            36.961651538041124
        ],
        [
            150,
            44.73901590817458
        ],
        [
            200,
            50.68647430704756
        ],
        [
            250,
            55.606153255863944
        ],
        [
            300,
            59.62984094362107
        ],
        [
            350,
            63.06365190043321
        ],
        [
            400,
            66.05985067711954
        ],
        [
            450,
            68.73800217783305
        ],
        [
            500,
            71.14840209309595
        ],
        [
            550,
            73.32998264700602
        ],
        [
            600,
            75.32564627152794
        ],
        [
            650,
            77.15555371760561
        ],
        [
            700,
            78.82397163136048
        ],
        [
            750,
            80.3610836213381
        ],
        [
            800,
            81.75902743711549
        ],
        [
            850,
            83.03497879965042
        ],
        [
            900,
            84.20075984351246
        ],
        [
            950,
            85.27477923682753
        ],
        [
            1000,
            86.26602156589776
        ],
        [
            1250,
            90.2631374723999
        ],
        [
            1500,
            93.06341710953706
        ],
        [
            1750,
            95.03944354321644
        ],
        [
            2000,
            96.41463387943551
        ]
    ],